TCRpred_model_name,Peptide,Origin,MHC_class,MHC,Host_species,Number_training_abTCR,AUC_5fold
H2-IAb_DIYKGVYQFKSV,DIYKGVYQFKSV,Lymphocytic choriomeningitis mammarenavirus,MHCII,H2-IAb,MusMusculus,3650,0.9538088401
A0201_GILGFVFTL,GILGFVFTL,Influenza A virus,MHCI,HLA-A*02:01,HomoSapiens,2079,0.9432831141
H2-Kb_SSYRRPVGI,SSYRRPVGI,Influenza A virus,MHCI,H2-Kb,MusMusculus,1158,0.9386768055
H2-Db_SSLENFRAYV,SSLENFRAYV,Influenza A virus,MHCI,H2-Db,MusMusculus,798,0.9063399434
A0201_LLWNGPMAV,LLWNGPMAV,Yellow fever virus,MHCI,HLA-A*02:01,HomoSapiens,644,0.9287518982
A0201_NLVPMVATV,NLVPMVATV,Human betaherpesvirus 5,MHCI,HLA-A*02:01,HomoSapiens,581,0.7651376589
B0801_RAKFKQLL,RAKFKQLL,,MHCI,HLA-B*08:01,HomoSapiens,556,0.9511517451
H2-Db_HGIRNASFI,HGIRNASFI,Murid betaherpesvirus 1,MHCI,H2-Db,MusMusculus,529,0.9274178124
H2-Kb_ASNENMETM,ASNENMETM,Influenza A virus,MHCI,H2-Kb,MusMusculus,515,0.9041439609
A0201_GLCTLVAML,GLCTLVAML,Human gammaherpesvirus 4,MHCI,HLA-A*02:01,HomoSapiens,483,0.9563086313
DPB10401_TFEYVSQPFLMDLE,TFEYVSQPFLMDLE,Severe acute respiratory syndrome coronavirus 2,MHCII,HLA-DPB1*04:01,HomoSapiens,391,0.9587665074
A0201_YLQPRTFLL,YLQPRTFLL,Severe acute respiratory syndrome coronavirus 2,MHCI,HLA-A*02:01,HomoSapiens,356,0.8263925788
B0702_SPRWYFYYL,SPRWYFYYL,Severe acute respiratory syndrome coronavirus 2,MHCI,HLA-B*07:02,HomoSapiens,315,0.8403200091
H2-Kb_SSPPMFRV,SSPPMFRV,Murid betaherpesvirus 1,MHCI,H2-Kb,MusMusculus,297,0.9051634859
A0201_ELAGIGILTV,ELAGIGILTV,Melan-A/MART-1 tumor antigen,MHCI,HLA-A*02:01,HomoSapiens,285,0.9600427964
H2-Db_LSLRNPILV,LSLRNPILV,Influenza A virus,MHCI,H2-Db,MusMusculus,285,0.8992462251
A0101_TTDPSFLGRY,TTDPSFLGRY,Severe acute respiratory syndrome coronavirus 2,MHCI,HLA-A*01:01,HomoSapiens,267,0.7726560052
A0201_CINGVCWTV,CINGVCWTV,Hepacivirus C,MHCI,HLA-A*02:01,HomoSapiens,247,0.9133743944
H2-Kb_TVYGFCLL,TVYGFCLL,Murid betaherpesvirus 1,MHCI,H2-Kb,MusMusculus,169,0.877401646
A0101_LTDEMIAQY,LTDEMIAQY,Severe acute respiratory syndrome coronavirus 2,MHCI,HLA-A*01:01,HomoSapiens,145,0.7326921196
A0201_YVLDHLIVV,YVLDHLIVV,Human gammaherpesvirus 4,MHCI,HLA-A*02:01,HomoSapiens,141,0.9616357535
A0101_ATDALMTGF,ATDALMTGF,Hepacivirus C,MHCI,HLA-A*01:01,HomoSapiens,132,0.9094227102
B5701_KSKRTPMGF,KSKRTPMGF,Hepacivirus C,MHCI,HLA-B*57:01,HomoSapiens,121,0.8697525896
DRB10101_PKYVKQNTLKLAT,PKYVKQNTLKLAT,Influenza A virus,MHCII,HLA-DRB1*01:01,HomoSapiens,115,0.6896872649
A6801_DATYQRTRALVR,DATYQRTRALVR,Influenza A virus,MHCI,HLA-A*68:01,HomoSapiens,112,0.8644239479
A1101_IVTDFSVIK,IVTDFSVIK,Human gammaherpesvirus 4,MHCI,HLA-A*11:01,HomoSapiens,108,0.8381798339
A0201_NLNCCSVPV,NLNCCSVPV,Neoepitope,MHCI,HLA-A*02:01,HomoSapiens,102,0.914306554
B0702_RPRGEVRFL,RPRGEVRFL,Human alphaherpesvirus 2,MHCI,HLA-B*07:02,HomoSapiens,99,0.9131165722
A0201_FLCMKALLL,FLCMKALLL,Homo sapiens,MHCI,HLA-A*02:01,HomoSapiens,83,0.7419942427
B1501_NQKLIANQF,NQKLIANQF,Severe acute respiratory syndrome coronavirus 2,MHCI,HLA-B*15:01,HomoSapiens,79,0.5998689605
A0201_KLVALGINAV,KLVALGINAV,Hepacivirus C,MHCI,HLA-A*02:01,HomoSapiens,77,0.9059020074
A0201_KMVAVFYTT,KMVAVFYTT,Homo sapiens,MHCI,HLA-A*02:01,HomoSapiens,68,0.8831207604
H2-Db_KAVYNFATC,KAVYNFATC,Lymphocytic choriomeningitis mammarenavirus,MHCI,H2-Db,MusMusculus,67,0.8593004284
B0702_TPRVTGGGAM,TPRVTGGGAM,Human betaherpesvirus 5,MHCI,HLA-B*07:02,HomoSapiens,65,0.9368562335
A0801_HPVTKYIM,HPVTKYIM,,MHCI,HLA-A*08:01,HomoSapiens,64,0.8308694232
B5701_RAQAPPPSW,RAQAPPPSW,Hepacivirus C,MHCI,HLA-B*57:01,HomoSapiens,63,0.9513850878
B0702_RPPIFIRRL,RPPIFIRRL,Human gammaherpesvirus 4,MHCI,HLA-B*07:02,HomoSapiens,63,0.9034159317
A2402_RFPLTFGWCF,RFPLTFGWCF,Human immunodeficiency virus 1,MHCI,HLA-A*24:02,HomoSapiens,62,0.8671409071
A0101_CTELKLSDY,CTELKLSDY,Influenza A virus,MHCI,HLA-A*01:01,HomoSapiens,62,0.6921788881
A0201_IMNDMPIYM,IMNDMPIYM,Homo sapiens,MHCI,HLA-A*02:01,HomoSapiens,56,0.7616100433
A2402_NYNYLYRLF,NYNYLYRLF,Severe acute respiratory syndrome coronavirus 2,MHCI,HLA-A*24:02,HomoSapiens,56,0.9594228883
A2402_QYIKWPWYI,QYIKWPWYI,Severe acute respiratory syndrome coronavirus 2,MHCI,HLA-A*24:02,HomoSapiens,53,0.8709450026
B0702_GPRLGVRAT,GPRLGVRAT,Hepacivirus C,MHCI,HLA-B*07:02,HomoSapiens,51,0.752614985
A0201_RLPGVLPRA,RLPGVLPRA,Neoepitope,MHCI,HLA-A*02:01,HomoSapiens,43,0.5930569374
A0101_FTSDYYQLY,FTSDYYQLY,Severe acute respiratory syndrome coronavirus 2,MHCI,HLA-A*01:01,HomoSapiens,43,0.6977895471
A2402_RYPLTFGWCF,RYPLTFGWCF,Human immunodeficiency virus 1,MHCI,HLA-A*24:02,HomoSapiens,42,0.9505763407
A0201_VVLSWAPPV,VVLSWAPPV,Homo sapiens,MHCI,HLA-A*02:01,HomoSapiens,41,0.7427971085
A0201_KLWASPLHV,KLWASPLHV,Neoepitope,MHCI,HLA-A*02:01,HomoSapiens,39,0.872985348
A0201_ALYGFVPVL,ALYGFVPVL,Neoepitope,MHCI,HLA-A*02:01,HomoSapiens,39,0.6091640182
A0201_VLFGLGFAI,VLFGLGFAI,Mus musculus,MHCI,HLA-A*02:01,HomoSapiens,38,0.8740696466
A0201_LLFGYPVYV,LLFGYPVYV,Primate T-lymphotropic virus 1,MHCI,HLA-A*02:01,HomoSapiens,37,0.971679198
A0101_PTDNYITTY,PTDNYITTY,Severe acute respiratory syndrome coronavirus 2,MHCI,HLA-A*01:01,HomoSapiens,36,0.8108372618
H2-Kd_SYIPSAEKI,SYIPSAEKI,Plasmodium berghei,MHCI,H2-Kd,MusMusculus,36,0.7317802677
A0201_VVMSWAPPV,VVMSWAPPV,Neoepitope,MHCI,HLA-A*02:01,HomoSapiens,34,0.7227195934
B5703_KAFSPEVIPMF,KAFSPEVIPMF,Human immunodeficiency virus 1,MHCI,HLA-B*57:03,HomoSapiens,33,0.9938803089
B3701_FEDLRVLSF,FEDLRVLSF,Influenza A virus,MHCI,HLA-B*37:01,HomoSapiens,33,0.7619876099
A0201_LLYDANYFL,LLYDANYFL,Severe acute respiratory syndrome coronavirus 2,MHCI,HLA-A*02:01,HomoSapiens,33,0.7399473346
H2-IAb_MEVGWYRSPFSRVVHLYRNGK,MEVGWYRSPFSRVVHLYRNGK,Mus musculus,MHCII,H2-IAb,MusMusculus,33,0.9500649351
B3701_FEDLRLLSF,FEDLRLLSF,Influenza A virus,MHCI,HLA-B*37:01,HomoSapiens,32,0.8880826375
A2402_VYFLQSINF,VYFLQSINF,Severe acute respiratory syndrome coronavirus 2,MHCI,HLA-A*24:02,HomoSapiens,31,0.4355964235
A0201_ILTGLNYEV,ILTGLNYEV,Neoepitope,MHCI,HLA-A*02:01,HomoSapiens,30,0.7769977699
B0702_RPHERNGFTVL,RPHERNGFTVL,Human betaherpesvirus 5,MHCI,HLA-B*07:02,HomoSapiens,29,0.7044311462
A0201_RLGPYLEFL,RLGPYLEFL,Homo sapiens,MHCI,HLA-A*02:01,HomoSapiens,28,0.596620227
A2402_RYPLTFGW,RYPLTFGW,Human immunodeficiency virus 1,MHCI,HLA-A*24:02,HomoSapiens,28,0.8778897849
A0201_ALSPVIPHI,ALSPVIPHI,Neoepitope,MHCI,HLA-A*02:01,HomoSapiens,27,0.6115740741
A0201_ALSKGVHFV,ALSKGVHFV,Severe acute respiratory syndrome coronavirus 2,MHCI,HLA-A*02:01,HomoSapiens,27,0.5656750556
A0201_ILNAMIAKI,ILNAMIAKI,Neoepitope,MHCI,HLA-A*02:01,HomoSapiens,27,0.844921024
A0201_ALWEIQQVV,ALWEIQQVV,SARS-CoV1,MHCI,HLA-A*02:01,HomoSapiens,27,0.6491643102
H2-Ld_SPSYVYHQF,SPSYVYHQF,Murine leukemia virus,MHCI,H2-Ld,MusMusculus,26,0.7942842742
B3701_FEDLRVSSF,FEDLRVSSF,Influenza A virus,MHCI,HLA-B*37:01,HomoSapiens,26,0.8686191433
A0201_FLYALALLL,FLYALALLL,Human gammaherpesvirus 4,MHCI,HLA-A*02:01,HomoSapiens,25,0.9977462121
H2-IEk_VITAFTEGLK,VITAFTEGLK,Neoepitope,MHCII,H2-IEk,MusMusculus,25,0.701202222
B1501_RVAGDSGFAAY,RVAGDSGFAAY,Severe acute respiratory syndrome coronavirus 2,MHCI,HLA-B*15:01,HomoSapiens,24,0.6189325588
B0702_LPRWYFYYL,LPRWYFYYL,Murine coronavirus,MHCI,HLA-B*07:02,HomoSapiens,23,0.4658169413
A0101_YSEHPTFTSQY,YSEHPTFTSQY,Human betaherpesvirus 5,MHCI,HLA-A*01:01,HomoSapiens,23,0.7324430199
A0201_RLGPVQNEV,RLGPVQNEV,Hepacivirus C,MHCI,HLA-A*02:01,HomoSapiens,23,0.9802014652
A0201_KLSALGINAV,KLSALGINAV,Hepacivirus C,MHCI,HLA-A*02:01,HomoSapiens,22,0.7793772894
A0201_MLNIPSINV,MLNIPSINV,Human betaherpesvirus 5,MHCI,HLA-A*02:01,HomoSapiens,22,0.619047619
H2-Db_SGPDNGAVAV,SGPDNGAVAV,Influenza A virus,MHCI,H2-Db,MusMusculus,22,0.9317948718
DRA0101_DRB10101_RFNLIANQHLLAPGF,RFNLIANQHLLAPGF,Neoepitope,MHCII,HLA-DRA*01:01/DRB1*01:01,HomoSapiens,21,0.8119076923
A0201_FLYNLLTRV,FLYNLLTRV,Neoepitope,MHCI,HLA-A*02:01,HomoSapiens,21,0.4192708333
A0201_AVGSYVYSV,AVGSYVYSV,Neoepitope,MHCI,HLA-A*02:01,HomoSapiens,21,0.6428571429
A0201_EAAGIGILTV,EAAGIGILTV,Homo sapiens,MHCI,HLA-A*02:01,HomoSapiens,21,0.8352531374
A0201_KLWAQCVQL,KLWAQCVQL,SARS-CoV1,MHCI,HLA-A*02:01,HomoSapiens,21,0.81992932
A0201_VAANIVLTV,VAANIVLTV,Homo sapiens,MHCI,HLA-A*02:01,HomoSapiens,21,0.5130787037
DRB10701_RTQLLWTPAAPTAMA,RTQLLWTPAAPTAMA,Homo sapiens,MHCII,HLA-DRB1*07:01,HomoSapiens,20,0.6264251208
H-2q_GPEGAQGPRGEPGTP,GPEGAQGPRGEPGTP,Bos taurus,MHCII,H-2q,MusMusculus,20,0.6119505495
A0201_ILTGLNYEA,ILTGLNYEA,Homo sapiens,MHCI,HLA-A*02:01,HomoSapiens,19,0.7032107236
DQA10102_DQB10602_AMERNAGSGIIISDT,AMERNAGSGIIISDT,Influenza A virus,MHCII,HLA-DQA1*01:02/DQB1*06:02,HomoSapiens,18,0.7836940837
A0201_VLFHRAFLV,VLFHRAFLV,Neoepitope,MHCI,HLA-A*02:01,HomoSapiens,18,0.7521464646
A0201_LLSIIFFPA,LLSIIFFPA,Neoepitope,MHCI,HLA-A*02:01,HomoSapiens,18,0.5066391941
B3501_EPLPQGQLTAY,EPLPQGQLTAY,Human gammaherpesvirus 4,MHCI,HLA-B*35:01,HomoSapiens,17,0.8515454793
A0201_KLVAMGINAV,KLVAMGINAV,Hepacivirus C,MHCI,HLA-A*02:01,HomoSapiens,17,0.9034722222
A0201_FLYNPLTRV,FLYNPLTRV,Homo sapiens,MHCI,HLA-A*02:01,HomoSapiens,17,0.8214285714
A0201_FMLYLLTLM,FMLYLLTLM,Neoepitope,MHCI,HLA-A*02:01,HomoSapiens,17,0.5534970238
B5101_TAFTIPSI,TAFTIPSI,Human immunodeficiency virus 1,MHCI,HLA-B*51:01,HomoSapiens,16,0.5563817402
DRB10405_NCTFEYVSQPFLMDL,NCTFEYVSQPFLMDL,Severe acute respiratory syndrome coronavirus 2,MHCII,HLA-DRB1*04:05,HomoSapiens,16,0.9872807018
B0702_SIIAYTMSL,SIIAYTMSL,Severe acute respiratory syndrome coronavirus 2,MHCI,HLA-B*07:02,HomoSapiens,16,0.5390264878
A0201_KSVNITFEL,KSVNITFEL,Severe acute respiratory syndrome coronavirus 2,MHCI,HLA-A*02:01,HomoSapiens,16,0.4739164087
A2402_VYIGDPAQL,VYIGDPAQL,SARS-CoV1,MHCI,HLA-A*24:02,HomoSapiens,16,0.7870442036
A0201_LMFWASSSI,LMFWASSSI,Neoepitope,MHCI,HLA-A*02:01,HomoSapiens,16,0.5063082751
B0801_FLRGRAYGL,FLRGRAYGL,Human gammaherpesvirus 4,MHCI,HLA-B*08:01,HomoSapiens,15,0.657390873
DRB11501_VGATYYFNKNMSTYVDYKIN,VGATYYFNKNMSTYVDYKIN,Escherichia coli,MHCII,HLA-DRB1*15:01,HomoSapiens,15,0.4091026688
A0201_CVNGSCFTV,CVNGSCFTV,Influenza A virus,MHCI,HLA-A*02:01,HomoSapiens,15,0.5680147059
DQA10102_DQB10602_GERQNATEIRASVGK,GERQNATEIRASVGK,Influenza A virus,MHCII,HLA-DQA1*01:02/DQB1*06:02,HomoSapiens,15,0.9375
A0201_NLFNRYPAL,NLFNRYPAL,Homo sapiens,MHCI,HLA-A*02:01,HomoSapiens,15,0.9861111111
DRB10405_HWFVTQRNFYEPQII,HWFVTQRNFYEPQII,Severe acute respiratory syndrome coronavirus 2,MHCII,HLA-DRB1*04:05,HomoSapiens,15,0.6380804954
DRB10401_NFIRMVISNPAAT,NFIRMVISNPAAT,Neoepitope,MHCII,HLA-DRB1*04:01,HomoSapiens,14,0.8794883578
DQA10501_DQB10201_PFPQPELPY,PFPQPELPY,Triticum aestivum,MHCII,HLA-DQA1*05:01/DQB1*02:01,HomoSapiens,14,0.8429709384
A0201_KMVAVFYNT,KMVAVFYNT,Neoepitope,MHCI,HLA-A*02:01,HomoSapiens,14,0.8673611111
A0201_LLFGMPPCL,LLFGMPPCL,Neoepitope,MHCI,HLA-A*02:01,HomoSapiens,14,0.8921568627
A3002_MTLHGFMMY,MTLHGFMMY,Neoepitope,MHCI,HLA-A*30:02,HomoSapiens,14,1
B08_QIKVRVDMV,QIKVRVDMV,Human betaherpesvirus 5,MHCI,HLA-B*08,HomoSapiens,14,1
B0702_WPVTLACFV,WPVTLACFV,Severe acute respiratory syndrome coronavirus 2,MHCI,HLA-B*07:02,HomoSapiens,14,0.5989276961
H2-Kb_RGYVYEGL,RGYVYEGL,Vesicular stomatitis virus,MHCII,H2-Kb,MusMusculus,14,1
A3002_MTLHGHMMY,MTLHGHMMY,Neoepitope,MHCI,HLA-A*30:02,HomoSapiens,14,0.6025765931
A0201_RLARLALVL,RLARLALVL,Homo sapiens,MHCI,HLA-A*02:01,HomoSapiens,14,0.9242450105
DQA01_LLEFYLAMPFATP,LLEFYLAMPFATP,Homo sapiens,MHCII,HLA-DQA*01,HomoSapiens,13,0.6400545635
H2-Db_SGPDNGAVAVL,SGPDNGAVAVL,Influenza A virus,MHCI,H2-Db,MusMusculus,13,0.4692212302
A0201_VMVELVAEL,VMVELVAEL,Severe acute respiratory syndrome coronavirus 2,MHCI,HLA-A*02:01,HomoSapiens,13,0.4825396825
B3501_HPVGEADYFEY,HPVGEADYFEY,Human gammaherpesvirus 4,MHCI,HLA-B*35:01,HomoSapiens,13,0.9583333333
DQA10102_DQB10602_ERNAGSGIIISDT,ERNAGSGIIISDT,Influenza A virus,MHCII,HLA-DQA1*01:02/DQB1*06:02,HomoSapiens,13,0.692609127
A0201_ALYGSVPVL,ALYGSVPVL,Homo sapiens,MHCI,HLA-A*02:01,HomoSapiens,13,0.4623015873
A0201_VLNYFEPYL,VLNYFEPYL,Homo sapiens,MHCI,HLA-A*02:01,HomoSapiens,12,0.6106060606
A0201_MMPFSIVYI,MMPFSIVYI,Neoepitope,MHCI,HLA-A*02:01,HomoSapiens,12,0.8728146853
A0201_KLNTITPVV,KLNTITPVV,Homo sapiens,MHCI,HLA-A*02:01,HomoSapiens,12,0.5695707071
A0201_FLTVFSHFM,FLTVFSHFM,Neoepitope,MHCI,HLA-A*02:01,HomoSapiens,12,0.4259259259
A0201_IMDQVPFSV,IMDQVPFSV,Neoepitope,MHCI,HLA-A*02:01,HomoSapiens,12,0.4937527233
H2-Kb_RGYVYQGL,RGYVYQGL,Vesicular stomatitis virus,MHCI,H2-Kb,MusMusculus,12,0.8874080882
A0101_CTELKLNDY,CTELKLNDY,Influenza A virus,MHCI,HLA-A*01:01,HomoSapiens,12,0.9555555556
A0201_TLWCSPIKV,TLWCSPIKV,Neoepitope,MHCI,HLA-A*02:01,HomoSapiens,11,0.653219697
A0201_FLIYLDVSV,FLIYLDVSV,Neoepitope,MHCI,HLA-A*02:01,HomoSapiens,11,0.687962963
A0201_ILNVDIFTL,ILNVDIFTL,Neoepitope,MHCI,HLA-A*02:01,HomoSapiens,11,0.6737373737
A0201_LLFGMTPCL,LLFGMTPCL,Homo sapiens,MHCI,HLA-A*02:01,HomoSapiens,11,0.6448412698
A0201_YADVFHLYL,YADVFHLYL,Severe acute respiratory syndrome coronavirus 2,MHCI,HLA-A*02:01,HomoSapiens,10,0.6808712121
A0201_GMGPLLATV,GMGPLLATV,Homo sapiens,MHCI,HLA-A*02:01,HomoSapiens,10,0.7694444444
A0201_VLNYFKPYL,VLNYFKPYL,Neoepitope,MHCI,HLA-A*02:01,HomoSapiens,10,0.65625
DRB11101_VGGNYNYLYRLFRKS,VGGNYNYLYRLFRKS,Severe acute respiratory syndrome coronavirus 2,MHCII,HLA-DRB1*11:01,HomoSapiens,10,0.8834935897
DRA0101_PGVLLKEFTVSGNIL,PGVLLKEFTVSGNIL,,MHCII,HLA-DRA*01:01,HomoSapiens,10,1
A0201_LLLEWLAMA,LLLEWLAMA,Severe acute respiratory syndrome coronavirus 2,MHCI,HLA-A*02:01,HomoSapiens,10,0.4687208625
A2402_TSQWLTNIF,TSQWLTNIF,Severe acute respiratory syndrome coronavirus 2,MHCI,HLA-A*24:02,HomoSapiens,10,0.2751019814
DQ2_PQPELPYPQPE,PQPELPYPQPE,Triticum aestivum,MHCII,HLA-DQ2,HomoSapiens,10,0.9924242424
H2-Kb_KGYVYQGL,KGYVYQGL,Vesicular stomatitis virus,MHCII,H2-Kb,MusMusculus,10,1
B4402_QELIRQGTDY,QELIRQGTDY,Severe acute respiratory syndrome coronavirus 2,MHCI,HLA-B*44:02,HomoSapiens,10,0.9333333333
A0201_RLITGRLQSL,RLITGRLQSL,Severe acute respiratory syndrome coronavirus 2,MHCI,HLA-A*02:01,HomoSapiens,10,0.7208333333
A0201_YVLTWIVGA,YVLTWIVGA,Neoepitope,MHCI,HLA-A*02:01,HomoSapiens,10,0.7745920746